MEM,func,k,AAE,ARE,_sum,throughput
10,CuckooCounter,100,11.36,6.23024,84/100,21.9111,
10,CuckooSketch,100,185.4,0.0212785,95/100,23.8601,
10,CuckooSketchPro,100,0.86,0.00238823,91/100,31.8878,
10,heavykeeper,100,148.31,0.716758,45/100,17.5263,
10,LossyCounting,100,2713.78,2672.24,2/100,1.93429,
10,spacesaving,100,4754.98,3621.54,11/100,20.5948,
20,CuckooCounter,100,6.91,4.97677,87/100,21.8914,
20,CuckooSketch,100,48.46,0.0133355,96/100,22.416,
20,CuckooSketchPro,100,0.08,0.000250094,95/100,29.6736,
20,heavykeeper,100,98.55,0.455992,62/100,17.6691,
20,LossyCounting,100,1328.91,1245.75,4/100,1.95186,
20,spacesaving,100,2263.81,1561.22,21/100,19.7664,
20,CuckooCounter,200,7.42,1.68509,173/200,21.5109,
20,CuckooSketch,200,26.495,0.0164618,186/200,22.6045,
20,CuckooSketchPro,200,0.865,0.00357551,177/200,29.2039,
20,heavykeeper,200,122.695,0.708169,120/200,17.3837,
20,LossyCounting,200,1356.45,1314.88,4/200,1.97557,
20,spacesaving,200,2348.09,1805.48,27/200,20.088,
20,CuckooCounter,300,11.56,1.78426,229/300,21.2703,
20,CuckooSketch,300,17.6633,0.0109746,296/300,22.583,
20,CuckooSketchPro,300,2.99667,0.0164687,292/300,29.8143,
20,heavykeeper,300,68.64,1.60694,66/300,17.485,
20,LossyCounting,300,1365.64,1337.92,4/300,1.94678,
20,spacesaving,300,2378.71,2000.71,27/300,16.28,
30,CuckooCounter,100,2.1,0.00642187,86/100,21.6277,
30,CuckooSketch,100,0.03,9.86395e-05,98/100,22.0819,
30,CuckooSketchPro,100,0.03,9.67742e-05,98/100,28.4965,
30,heavykeeper,100,17.66,0.0650793,81/100,17.4499,
30,LossyCounting,100,840.07,826.085,9/100,1.94888,
30,spacesaving,100,1455.3,1007.16,23/100,19.9956,
30,CuckooCounter,200,3.25,0.845394,172/200,21.1184,
30,CuckooSketch,200,0.32,0.00160416,179/200,22.1273,
30,CuckooSketchPro,200,0.19,0.000810591,182/200,28.6566,
30,heavykeeper,200,116.96,0.68371,153/200,17.1521,
30,LossyCounting,200,881.535,874.543,9/200,1.93031,
30,spacesaving,200,1536.34,1186.1,29/200,19.5111,
30,CuckooCounter,300,1.75333,0.00737041,292/300,20.7667,
30,CuckooSketch,300,0.213333,0.00106944,296/300,22.0658,
30,CuckooSketchPro,300,0.126667,0.000540394,296/300,28.7257,
30,heavykeeper,300,124.01,0.852297,197/300,16.8206,
30,LossyCounting,300,895.303,866.055,9/300,1.96267,
30,spacesaving,300,1561.62,1234.93,33/300,19.9788,
30,CuckooCounter,400,13.065,0.672587,372/400,20.6954,
30,CuckooSketch,400,0.8675,0.0134624,379/400,22.097,
30,CuckooSketchPro,400,1.2975,0.0171495,390/400,28.8475,
30,heavykeeper,400,90.91,0.80707,209/400,17.0056,
30,LossyCounting,400,901.977,861.601,9/400,1.84976,
30,spacesaving,400,1577.08,1237.54,35/400,19.8381,
30,CuckooCounter,500,15.754,9.7327,211/500,21.0801,
30,CuckooSketch,500,1.548,0.529345,409/500,22.0109,
30,CuckooSketchPro,500,1.508,0.222117,423/500,28.4366,
30,heavykeeper,500,44.438,0.614503,111/500,17.1435,
30,LossyCounting,500,905.982,873.681,9/500,1.9474,
30,spacesaving,500,1585.7,1239.82,36/500,19.9493,
40,CuckooCounter,100,0.86,0.00344638,92/100,21.2979,
40,CuckooSketch,100,1.37,0.00275954,98/100,21.8088,
40,CuckooSketchPro,100,0.01,1.70068e-05,96/100,28.1881,
40,heavykeeper,100,8.1,0.0286889,88/100,17.3602,
40,LossyCounting,100,616.05,574.36,11/100,2.00457,
40,spacesaving,100,1069.55,793.034,21/100,19.619,
40,CuckooCounter,200,1.76,0.00737359,167/200,20.7844,
40,CuckooSketch,200,1.175,0.00359469,177/200,21.5021,
40,CuckooSketchPro,200,0.095,0.000375729,177/200,27.9947,
40,heavykeeper,200,32.365,0.174525,160/200,17.1174,
40,LossyCounting,200,654.025,633.18,11/200,2.00333,
40,spacesaving,200,1135.32,893.298,28/200,19.5679,
40,CuckooCounter,300,2.17667,1.10319,294/300,20.4826,
40,CuckooSketch,300,0.783333,0.00239646,296/300,21.6492,
40,CuckooSketchPro,300,0.0633333,0.000250486,296/300,27.5862,
40,heavykeeper,300,86.6,0.612915,245/300,16.8828,
40,LossyCounting,300,666.683,652.787,11/300,1.98961,
40,spacesaving,300,1159.65,931.01,30/300,19.6344,
40,CuckooCounter,400,3.72,0.0354126,390/400,20.3099,
40,CuckooSketch,400,1.3675,0.0124495,386/400,21.732,
40,CuckooSketchPro,400,0.5575,0.00921015,390/400,28.0403,
40,heavykeeper,400,111.465,0.870678,329/400,16.8059,
40,LossyCounting,400,673.013,662.59,11/400,1.97866,
40,spacesaving,400,1167.03,918.049,46/400,19.6105,
40,CuckooCounter,500,7.872,1.27838,413/500,19.824,
40,CuckooSketch,500,1.694,0.332706,421/500,21.4413,
40,CuckooSketchPro,500,0.7,0.0983414,427/500,28.1516,
40,heavykeeper,500,98.094,0.807987,318/500,16.9107,
40,LossyCounting,500,676.71,649.024,11/500,1.96716,
40,spacesaving,500,1172.89,889.976,54/500,19.6121,
40,CuckooCounter,600,12.2833,3.01919,394/600,20.2622,
40,CuckooSketch,600,2.02667,0.647394,444/600,21.6034,
40,CuckooSketchPro,600,0.866667,0.245177,454/600,27.9572,
40,heavykeeper,600,61.61,0.677481,229/600,16.8896,
40,LossyCounting,600,679.092,656.02,11/600,1.96679,
40,spacesaving,600,1179.3,919.056,55/600,19.5653,
40,CuckooCounter,700,16.7929,12.6467,189/700,20.6462,
40,CuckooSketch,700,2.2,0.854528,463/700,21.5568,
40,CuckooSketchPro,700,1.00286,0.380509,480/700,28.0836,
40,heavykeeper,700,36.8957,0.68167,131/700,16.9248,
40,LossyCounting,700,680.793,661.017,11/700,1.97483,
40,spacesaving,700,1183.36,921.1,57/700,19.5967,
50,CuckooCounter,100,0.92,0.00363538,89/100,21.069,
50,CuckooSketch,100,1.05,0.00236306,97/100,21.5188,
50,CuckooSketchPro,100,0.03,6.34254e-05,98/100,27.6939,
50,heavykeeper,100,4.57,0.015569,85/100,17.2025,
50,LossyCounting,100,460.07,356.836,17/100,1.97177,
50,spacesaving,100,806.28,462.145,29/100,19.233,
50,CuckooCounter,200,0.625,0.00371664,176/200,20.7014,
50,CuckooSketch,200,1.425,0.00508603,181/200,21.4037,
50,CuckooSketchPro,200,0.09,0.000356631,184/200,27.5604,
50,heavykeeper,200,10.935,0.0500384,171/200,16.9771,
50,LossyCounting,200,506.535,454.918,17/200,1.95499,
50,spacesaving,200,884.305,630.36,35/200,19.2267,
50,CuckooCounter,300,3.76,1.92905,291/300,20.2032,
50,CuckooSketch,300,0.95,0.00339069,296/300,21.3607,
50,CuckooSketchPro,300,0.06,0.000237754,296/300,27.8025,
50,heavykeeper,300,45.7867,0.275659,266/300,16.6683,
50,LossyCounting,300,522.023,487.612,17/300,1.93559,
50,spacesaving,300,912.853,735.482,35/300,19.2359,
50,CuckooCounter,400,1.7475,0.0148639,396/400,19.9569,
50,CuckooSketch,400,1.59,0.0148099,400/400,21.4032,
50,CuckooSketchPro,400,0.535,0.00832886,394/400,27.8621,
50,heavykeeper,400,76.44,0.809517,359/400,16.5675,
50,LossyCounting,400,529.768,503.959,17/400,1.95571,
50,spacesaving,400,925.487,762.185,40/400,19.1121,
50,CuckooCounter,500,2.792,0.80701,441/500,19.8973,
50,CuckooSketch,500,1.654,0.149274,447/500,21.4422,
50,CuckooSketchPro,500,0.632,0.0286354,440/500,27.8552,
50,heavykeeper,500,77.768,0.709877,376/500,16.5884,
50,LossyCounting,500,534.414,513.767,17/500,1.96749,
50,spacesaving,500,929.21,744.288,53/500,19.1799,
50,CuckooCounter,600,3.87833,1.62293,435/600,19.7973,
50,CuckooSketch,600,1.79,0.3622,479/600,21.4238,
50,CuckooSketchPro,600,0.686667,0.0822755,477/600,27.7331,
50,heavykeeper,600,87.655,0.945237,380/600,16.665,
50,LossyCounting,600,537.512,520.306,17/600,1.95967,
50,spacesaving,600,932.918,729.909,61/600,19.2478,
50,CuckooCounter,700,6.93429,2.789,420/700,19.7816,
50,CuckooSketch,700,1.97714,inf,505/700,21.3789,
50,CuckooSketchPro,700,0.762857,0.171355,512/700,27.787,
50,heavykeeper,700,74.6429,0.738292,349/700,16.7034,
50,LossyCounting,700,539.724,524.977,17/700,1.94176,
50,spacesaving,700,937.681,741.717,62/700,19.0089,
50,CuckooCounter,800,12.1188,4.574,384/800,19.844,
50,CuckooSketch,800,2.12,inf,523/800,21.4703,
50,CuckooSketchPro,800,0.8525,0.228686,523/800,27.72,
50,heavykeeper,800,50.4438,0.691569,247/800,16.5344,
50,LossyCounting,800,541.384,528.48,17/800,1.94766,
50,spacesaving,800,941.668,744.562,62/800,19.2304,
50,CuckooCounter,900,19.0878,14.401,138/900,19.8629,
50,CuckooSketch,900,2.18667,inf,532/900,20.869,
50,CuckooSketchPro,900,0.886667,inf,529/900,27.7523,
50,heavykeeper,900,10.4878,0.22102,49/900,12.0068,
50,LossyCounting,900,542.674,531.204,17/900,1.8602,
50,spacesaving,900,938.692,737.828,79/900,19.1571,
60,CuckooCounter,100,0.59,0.00235406,91/100,21.297,
60,CuckooSketch,100,0.03,0.000121951,96/100,21.3074,
60,CuckooSketchPro,100,0.03,8.67411e-05,96/100,27.2554,
60,heavykeeper,100,3.53,0.0119069,84/100,17.1748,
60,LossyCounting,100,355.82,274.296,23/100,1.97928,
60,spacesaving,100,638.35,432.201,31/100,18.7445,
60,CuckooCounter,200,0.605,0.00353004,180/200,20.6761,
60,CuckooSketch,200,0.135,0.000664092,185/200,21.058,
60,CuckooSketchPro,200,0.115,0.000493097,181/200,27.4755,
60,heavykeeper,200,7.315,0.0327996,169/200,16.948,
60,LossyCounting,200,408.41,367.648,23/200,1.99473,
60,spacesaving,200,719.355,553.407,37/200,18.7536,
60,CuckooCounter,300,2.17333,1.27979,295/300,20.0872,
60,CuckooSketch,300,0.09,0.000442728,297/300,21.3174,
60,CuckooSketchPro,300,0.0766667,0.000328731,297/300,27.4831,
60,heavykeeper,300,16.44,0.091266,293/300,16.7546,
60,LossyCounting,300,425.94,398.765,23/300,1.95479,
60,spacesaving,300,748.89,632.878,37/300,18.6651,
60,CuckooCounter,400,0.555,0.00719276,399/400,19.7215,
60,CuckooSketch,400,0.455,0.00711653,392/400,21.2666,
60,CuckooSketchPro,400,0.575,0.00902377,399/400,27.1451,
60,heavykeeper,400,36.125,0.364965,370/400,16.3886,
60,LossyCounting,400,434.705,414.324,23/400,2.01695,
60,spacesaving,400,761.987,638.935,43/400,18.9068,
60,CuckooCounter,500,1.348,0.370712,444/500,19.5213,
60,CuckooSketch,500,0.78,0.0938341,437/500,21.1681,
60,CuckooSketchPro,500,0.728,0.0481672,449/500,27.1857,
60,heavykeeper,500,48.982,0.573016,383/500,16.506,
60,LossyCounting,500,439.964,423.659,23/500,1.94322,
60,spacesaving,500,764.224,601.806,57/500,18.874,
60,CuckooCounter,600,2.465,1.24953,456/600,19.4443,
60,CuckooSketch,600,1.045,0.308128,474/600,21.2694,
60,CuckooSketchPro,600,0.751667,0.0838344,487/600,27.468,
60,heavykeeper,600,52.6617,0.759599,400/600,16.376,
60,LossyCounting,600,443.47,429.883,23/600,1.96972,
60,spacesaving,600,770.312,604.57,59/600,18.8583,
60,CuckooCounter,700,3.18143,1.80843,459/700,19.3592,
60,CuckooSketch,700,1.24143,0.467252,507/700,21.2121,
60,CuckooSketchPro,700,0.762857,0.131695,526/700,27.3112,
60,heavykeeper,700,59.2314,0.720351,396/700,16.387,
60,LossyCounting,700,445.974,434.328,23/700,1.98858,
60,spacesaving,700,774.436,614.189,63/700,18.8683,
60,CuckooCounter,800,5.2725,2.40165,448/800,19.1088,
60,CuckooSketch,800,1.37625,0.587774,531/800,21.4174,
60,CuckooSketchPro,800,0.7925,0.169896,540/800,27.5528,
60,heavykeeper,800,67.6312,0.731797,384/800,16.429,
60,LossyCounting,800,447.853,437.662,23/800,1.97153,
60,spacesaving,800,774.745,611.844,80/800,18.8189,
60,CuckooCounter,900,7.14556,3.52166,425/900,19.4401,
60,CuckooSketch,900,1.50444,0.731448,540/900,21.277,
60,CuckooSketchPro,900,0.856667,0.21454,553/900,27.6465,
60,heavykeeper,900,59.6356,0.915666,358/900,16.3999,
60,LossyCounting,900,449.219,429.683,23/900,1.9596,
60,spacesaving,900,776.382,618.471,87/900,18.8686,
60,CuckooCounter,1000,12.488,5.73242,382/1000,19.7305,
60,CuckooSketch,1000,1.582,0.830969,549/1000,21.2161,
60,CuckooSketchPro,1000,0.877,0.262486,566/1000,27.0724,
60,heavykeeper,1000,40.879,0.659553,251/1000,16.5363,
60,LossyCounting,1000,450.297,432.715,23/1000,1.97024,
60,spacesaving,1000,778.546,624.809,90/1000,18.8975,
70,CuckooCounter,100,3.01,1.23715,92/100,20.9784,
70,CuckooSketch,100,1.91,0.00439388,97/100,21.2067,
70,CuckooSketchPro,100,0,0,98/100,27.2509,
70,heavykeeper,100,2.35,0.00806438,83/100,17.2888,
70,LossyCounting,100,285.12,211.326,28/100,1.94996,
70,spacesaving,100,530.99,296.448,33/100,18.5213,
70,CuckooCounter,200,2.21,1.67316,176/200,20.362,
70,CuckooSketch,200,2.22,0.00520639,178/200,21.1815,
70,CuckooSketchPro,200,0.08,0.000336191,179/200,27.2435,
70,heavykeeper,200,5.335,0.0237916,171/200,16.971,
70,LossyCounting,200,340.06,303.163,28/200,1.9021,
70,spacesaving,200,601.06,424.679,40/200,18.1113,
70,CuckooCounter,300,0.94,0.548982,298/300,20.2245,
70,CuckooSketch,300,1.48,0.00347092,296/300,21.1811,
70,CuckooSketchPro,300,0.0533333,0.000224127,296/300,27.3868,
70,heavykeeper,300,9.44,0.051098,295/300,16.7518,
70,LossyCounting,300,358.373,333.775,28/300,1.98063,
70,spacesaving,300,628.547,492.337,43/300,18.3147,
70,CuckooCounter,400,0.2425,0.00451912,397/400,19.6696,
70,CuckooSketch,400,1.3525,0.00696863,397/400,21.1918,
70,CuckooSketchPro,400,0.3275,0.00537638,395/400,27.2784,
70,heavykeeper,400,18.5975,0.210658,373/400,16.5175,
70,LossyCounting,400,367.53,349.082,28/400,1.96197,
70,spacesaving,400,642.525,525.305,51/400,18.4471,
70,CuckooCounter,500,1.092,0.292234,452/500,19.5152,
70,CuckooSketch,500,1.384,0.0770608,452/500,21.1604,
70,CuckooSketchPro,500,0.65,0.0227169,455/500,27.239,
70,heavykeeper,500,19.356,0.400519,388/500,16.5123,
70,LossyCounting,500,373.024,358.265,28/500,1.96723,
70,spacesaving,500,647.05,515.33,64/500,18.4686,
70,CuckooCounter,600,1.86,0.776811,479/600,19.036,
70,CuckooSketch,600,1.51667,0.25974,489/600,21.2071,
70,CuckooSketchPro,600,0.638333,0.0521014,496/600,27.3209,
70,heavykeeper,600,27.615,0.426345,405/600,16.1998,
70,LossyCounting,600,376.687,364.388,28/600,2.02473,
70,spacesaving,600,651.287,511.627,72/600,18.5529,
70,CuckooCounter,700,2.46286,1.25551,481/700,19.3028,
70,CuckooSketch,700,1.59143,0.392097,523/700,21.1631,
70,CuckooSketchPro,700,0.652857,0.0893069,538/700,27.2502,
70,heavykeeper,700,35.6286,0.50858,405/700,16.3407,
70,LossyCounting,700,379.303,368.761,28/700,2.00629,
70,spacesaving,700,656.414,516.528,73/700,18.1858,
70,CuckooCounter,800,3.2175,1.82677,477/800,19.2608,
70,CuckooSketch,800,1.695,inf,543/800,21.2022,
70,CuckooSketchPro,800,0.64375,0.10731,554/800,27.1179,
70,heavykeeper,800,41.1562,0.779825,396/800,15.9071,
70,LossyCounting,800,381.265,372.041,28/800,1.97419,
70,spacesaving,800,660.679,518.658,73/800,18.4543,
70,CuckooCounter,900,4.43333,2.423,465/900,19.279,
70,CuckooSketch,900,1.74667,inf,554/900,21.2739,
70,CuckooSketchPro,900,0.656667,0.131498,566/900,27.2376,
70,heavykeeper,900,47.3533,0.699486,400/900,16.0154,
70,LossyCounting,900,382.791,374.592,28/900,1.96669,
70,spacesaving,900,663.097,523.771,76/900,18.5529,
70,CuckooCounter,1000,5.478,2.77335,457/1000,19.206,
70,CuckooSketch,1000,1.79,inf,569/1000,21.3133,
70,CuckooSketchPro,1000,0.675,0.174531,581/1000,27.2851,
70,heavykeeper,1000,54.606,0.890298,395/1000,16.2446,
70,LossyCounting,1000,383.997,373.663,28/1000,1.97314,
70,spacesaving,1000,664.977,522.967,80/1000,18.4768,
80,CuckooCounter,100,0.56,0.00226987,91/100,20.5221,
80,CuckooSketch,100,0.02,8.09717e-05,97/100,21.1265,
80,CuckooSketchPro,100,0.01,4.03226e-05,95/100,26.9498,
80,heavykeeper,100,2.33,0.00781413,87/100,17.2795,
80,LossyCounting,100,229.48,207.603,34/100,1.97458,
80,spacesaving,100,420.63,250.715,40/100,18.1736,
80,CuckooCounter,200,0.56,0.0032367,174/200,20.2737,
80,CuckooSketch,200,0.355,0.00144996,180/200,21.0526,
80,CuckooSketchPro,200,0.065,0.000283048,180/200,26.9418,
80,heavykeeper,200,4.03,0.0179267,172/200,17.1081,
80,LossyCounting,200,287.74,276.801,34/200,2.00713,
80,spacesaving,200,508.49,375.969,46/200,18.046,
80,CuckooCounter,300,1.12667,0.553047,295/300,20.0405,
80,CuckooSketch,300,0.236667,0.00096664,296/300,21.0841,
80,CuckooSketchPro,300,0.0433333,0.000188699,296/300,27.019,
80,heavykeeper,300,6.9,0.0366683,295/300,16.7093,
80,LossyCounting,300,307.16,299.868,34/300,1.99362,
80,spacesaving,300,540.31,446.938,46/300,17.9379,
80,CuckooCounter,400,0.1575,0.00297657,400/400,19.755,
80,CuckooSketch,400,0.4525,0.0043928,399/400,21.2296,
80,CuckooSketchPro,400,0.3275,0.00607056,400/400,27.1319,
80,heavykeeper,400,13.2025,0.153767,378/400,16.7054,
80,LossyCounting,400,316.87,311.401,34/400,1.96636,
80,spacesaving,400,554.572,464.042,54/400,17.9401,
80,CuckooCounter,500,0.79,0.157753,462/500,19.4145,
80,CuckooSketch,500,0.562,0.0611749,456/500,21.0186,
80,CuckooSketchPro,500,0.514,0.0199305,457/500,27.1304,
80,heavykeeper,500,13.154,0.224704,390/500,16.5653,
80,LossyCounting,500,322.642,308.952,34/500,1.95282,
80,spacesaving,500,559.282,456.196,67/500,18.1176,
80,CuckooCounter,600,1.53333,0.712919,483/600,18.4874,
80,CuckooSketch,600,0.766667,0.163178,500/600,20.0876,
80,CuckooSketchPro,600,0.53,0.0445941,504/600,25.6266,
80,heavykeeper,600,13.3967,0.292235,415/600,15.2812,
80,LossyCounting,600,326.368,304.322,34/600,1.88768,
80,spacesaving,600,562.312,444.908,77/600,18.0783,
80,CuckooCounter,700,2.57286,1.00699,498/700,19.3002,
80,CuckooSketch,700,0.947143,0.288867,539/700,21.0331,
80,CuckooSketchPro,700,0.534286,0.0760092,548/700,26.8904,
80,heavykeeper,700,15.6686,0.433038,416/700,16.3252,
80,LossyCounting,700,329.03,310.133,34/700,1.98813,
80,spacesaving,700,560.514,430.512,101/700,18.0512,
80,CuckooCounter,800,2.5475,1.3122,510/800,19.1015,
80,CuckooSketch,800,1.0675,0.393633,555/800,20.8956,
80,CuckooSketchPro,800,0.5375,0.103331,567/800,27.0146,
80,heavykeeper,800,21.1125,0.493693,414/800,16.1996,
80,LossyCounting,800,331.026,314.492,34/800,1.94484,
80,spacesaving,800,564.255,440.914,106/800,17.985,
80,CuckooCounter,900,2.90778,1.68993,502/900,19.0429,
80,CuckooSketch,900,1.15667,0.49698,565/900,21.1694,
80,CuckooSketchPro,900,0.563333,0.132445,580/900,27.0592,
80,heavykeeper,900,28.4356,0.506339,414/900,16.0779,
80,LossyCounting,900,332.579,317.881,34/900,1.94297,
80,spacesaving,900,567.56,448.081,109/900,17.9559,
80,CuckooCounter,1000,4.021,1.97295,503/1000,18.8772,
80,CuckooSketch,1000,1.242,0.575282,579/1000,20.7892,
80,CuckooSketchPro,1000,0.585,0.168267,597/1000,26.5802,
80,heavykeeper,1000,34.131,0.656667,411/1000,16.0377,
80,LossyCounting,1000,333.821,320.593,34/1000,1.97969,
80,spacesaving,1000,570.597,458.565,111/1000,17.9934,
90,CuckooCounter,100,0.44,0.00177685,92/100,20.6381,
90,CuckooSketch,100,0.01,2.94118e-05,95/100,20.9,
90,CuckooSketchPro,100,0.01,1.70068e-05,96/100,26.8212,
90,heavykeeper,100,1.98,0.0064345,89/100,17.2188,
90,LossyCounting,100,166.8,82.8923,46/100,1.96958,
90,spacesaving,100,361.92,182.651,40/100,17.6997,
90,CuckooCounter,200,0.385,0.0022359,178/200,20.229,
90,CuckooSketch,200,0.06,0.000253454,180/200,21.1247,
90,CuckooSketchPro,200,0.045,0.000166606,181/200,26.6319,
90,heavykeeper,200,3.5,0.0150808,170/200,17.1624,
90,LossyCounting,200,236.9,193.411,46/200,1.97513,
90,spacesaving,200,439.015,304.852,48/200,17.7715,
90,CuckooCounter,300,0.886667,0.273684,295/300,19.8393,
90,CuckooSketch,300,0.04,0.000168969,296/300,21.0646,
90,CuckooSketchPro,300,0.03,0.000111071,297/300,26.6624,
90,heavykeeper,300,5.51,0.028879,295/300,16.7283,
90,LossyCounting,300,260.267,231.274,46/300,1.9688,
90,spacesaving,300,468.83,361.338,51/300,17.7873,
90,CuckooCounter,400,0.115,0.001902,400/400,19.7609,
90,CuckooSketch,400,0.3675,inf,399/400,20.9811,
90,CuckooSketchPro,400,0.18,0.00268648,400/400,26.7903,
90,heavykeeper,400,10.7325,0.212801,378/400,16.7692,
90,LossyCounting,400,271.95,250.206,46/400,1.97183,
90,spacesaving,400,484.998,400.758,58/400,17.5325,
90,CuckooCounter,500,0.408,0.0664909,473/500,19.5454,
90,CuckooSketch,500,0.482,inf,468/500,20.91,
90,CuckooSketchPro,500,0.306,0.0124618,461/500,26.7989,
90,heavykeeper,500,11.048,0.343283,398/500,16.6558,
90,LossyCounting,500,278.96,261.564,46/500,1.98407,
90,spacesaving,500,492.514,396.724,65/500,17.7544,
90,CuckooCounter,600,1.46833,0.615454,490/600,19.0643,
90,CuckooSketch,600,0.646667,inf,509/600,20.9908,
90,CuckooSketchPro,600,0.368333,0.0395872,506/600,26.8233,
90,heavykeeper,600,9.90333,0.214296,422/600,16.4002,
90,LossyCounting,600,283.633,269.137,46/600,1.93005,
90,spacesaving,600,493.948,391.628,81/600,17.7132,
90,CuckooCounter,700,1.69857,0.835558,500/700,19.1876,
90,CuckooSketch,700,0.745714,inf,551/700,21.1586,
90,CuckooSketchPro,700,0.398571,0.0732956,549/700,26.8687,
90,heavykeeper,700,10.0729,0.31471,423/700,16.2933,
90,LossyCounting,700,286.971,274.546,46/700,1.97728,
90,spacesaving,700,499.401,394.124,82/700,17.5322,
90,CuckooCounter,800,2.15,1.09288,531/800,19.0509,
90,CuckooSketch,800,0.8975,inf,570/800,21.1595,
90,CuckooSketchPro,800,0.44625,0.0985654,567/800,26.9411,
90,heavykeeper,800,11.6175,0.360587,422/800,16.1697,
90,LossyCounting,800,289.475,278.603,46/800,1.93277,
90,spacesaving,800,503.918,396.588,82/800,17.7041,
90,CuckooCounter,900,2.67111,1.49145,510/900,18.8605,
90,CuckooSketch,900,0.983333,inf,581/900,20.8877,
90,CuckooSketchPro,900,0.428889,0.0995582,581/900,26.723,
90,heavykeeper,900,12.6856,0.320953,413/900,16.1836,
90,LossyCounting,900,291.422,281.758,46/900,1.97043,
90,spacesaving,900,506.534,402.081,85/900,17.7955,
90,CuckooCounter,1000,2.965,1.7696,525/1000,19.0223,
90,CuckooSketch,1000,1.039,inf,597/1000,20.8464,
90,CuckooSketchPro,1000,0.461,0.135952,600/1000,26.8435,
90,heavykeeper,1000,18.45,0.476647,419/1000,15.9469,
90,LossyCounting,1000,292.98,284.282,46/1000,1.99208,
90,spacesaving,1000,508.852,401.282,87/1000,17.66,
100,CuckooCounter,100,0.31,0.00121994,92/100,20.7637,
100,CuckooSketch,100,0.02,5.65325e-05,98/100,20.8312,
100,CuckooSketchPro,100,0.01,1.70068e-05,98/100,26.7473,
100,heavykeeper,100,1.47,0.00479563,88/100,17.3145,
100,LossyCounting,100,145,139.887,48/100,1.92401,
100,spacesaving,100,316.97,183.825,41/100,17.2259,
100,CuckooCounter,200,2.02,1.2397,175/200,20.3207,
100,CuckooSketch,200,0.02,7.92867e-05,181/200,20.8855,
100,CuckooSketchPro,200,0.05,0.000200607,178/200,26.8147,
100,heavykeeper,200,2.83,0.0121603,176/200,17.1689,
100,LossyCounting,200,211,208.444,48/200,1.8905,
100,spacesaving,200,389.555,285.929,48/200,17.4222,
100,CuckooCounter,300,0.346667,0.00202468,297/300,19.8173,
100,CuckooSketch,300,0.0133333,5.28578e-05,296/300,20.9503,
100,CuckooSketchPro,300,0.0333333,0.000133738,296/300,26.7215,
100,heavykeeper,300,4.56667,0.0242813,295/300,16.8967,
100,LossyCounting,300,232.88,214.616,48/300,1.94876,
100,spacesaving,300,417.873,335.742,51/300,17.5657,
100,CuckooCounter,400,0.2325,0.00343785,400/400,19.5806,
100,CuckooSketch,400,0.0825,0.00132046,400/400,20.9714,
100,CuckooSketchPro,400,0.1575,0.00223773,400/400,26.9157,
100,heavykeeper,400,9.115,0.124807,379/400,16.8407,
100,LossyCounting,400,243.66,213.747,48/400,1.91211,
100,spacesaving,400,432.275,361.859,59/400,17.5119,
100,CuckooCounter,500,0.508,0.0867427,472/500,19.7812,
100,CuckooSketch,500,0.216,0.0125806,469/500,20.893,
100,CuckooSketchPro,500,0.294,0.0119444,468/500,26.6227,
100,heavykeeper,500,8.824,0.181225,402/500,16.6806,
100,LossyCounting,500,250.128,226.197,48/500,1.98977,
100,spacesaving,500,437.048,355.312,72/500,17.5827,
100,CuckooCounter,600,1.15333,0.514006,501/600,18.8324,
100,CuckooSketch,600,0.443333,0.126434,513/600,20.5427,
100,CuckooSketchPro,600,0.311667,0.0198666,512/600,26.8068,
100,heavykeeper,600,8.55833,0.249202,423/600,16.4549,
100,LossyCounting,600,254.44,234.498,48/600,1.92717,
100,spacesaving,600,441.453,353.809,80/600,17.3527,
100,CuckooCounter,700,1.53714,0.744605,516/700,19.2771,
100,CuckooSketch,700,0.564286,0.192893,561/700,20.8951,
100,CuckooSketchPro,700,0.321429,0.0310104,559/700,26.8197,
100,heavykeeper,700,8.2,0.301797,425/700,16.3311,
100,LossyCounting,700,257.52,240.427,48/700,1.93722,
100,spacesaving,700,446.697,356.967,81/700,17.6162,
100,CuckooCounter,800,1.94375,1.0497,533/800,19.1069,
100,CuckooSketch,800,0.71,inf,578/800,20.8842,
100,CuckooSketchPro,800,0.34125,0.0427591,577/800,26.3407,
100,heavykeeper,800,7.74,0.268377,430/800,16.2462,
100,LossyCounting,800,259.83,244.873,48/800,1.92749,
100,spacesaving,800,451.051,358.861,81/800,17.5325,
100,CuckooCounter,900,2.34222,1.24385,541/900,18.895,
100,CuckooSketch,900,0.82,inf,592/900,20.8812,
100,CuckooSketchPro,900,0.361111,0.0681007,589/900,26.5146,
100,heavykeeper,900,8.25333,0.268688,431/900,16.1676,
100,LossyCounting,900,261.627,248.332,48/900,1.96467,
100,spacesaving,900,446.71,344.491,108/900,17.4283,
100,CuckooCounter,1000,2.756,1.48321,556/1000,18.6853,
100,CuckooSketch,1000,0.901,inf,610/1000,20.7715,
100,CuckooSketchPro,1000,0.366,0.0800573,606/1000,26.8298,
100,heavykeeper,1000,8.882,0.375167,429/1000,15.8793,
100,LossyCounting,1000,263.064,251.099,48/1000,1.95232,
100,spacesaving,1000,448.794,351.696,115/1000,17.5701,
200,CuckooCounter,100,0.22,0.000883298,95/100,20.0694,
200,CuckooSketch,100,0,0,98/100,20.2799,
200,CuckooSketchPro,100,0,0,98/100,26.2826,
200,heavykeeper,100,0.57,0.00192194,93/100,17.3452,
200,LossyCounting,100,0.46,0.00119298,97/100,1.92477,
200,spacesaving,100,8.24,0.0318678,85/100,14.6813,
200,CuckooCounter,200,0.27,0.00155131,180/200,19.5998,
200,CuckooSketch,200,0.025,0.000128923,181/200,20.3306,
200,CuckooSketchPro,200,0.015,7.79021e-05,181/200,25.9693,
200,heavykeeper,200,0.895,0.00372993,169/200,17.0529,
200,LossyCounting,200,0.595,0.00248619,178/200,1.92328,
200,spacesaving,200,60.065,22.6372,152/200,14.4678,
200,CuckooCounter,300,0.156667,0.000948779,296/300,19.6052,
200,CuckooSketch,300,0.0166667,8.59484e-05,296/300,20.4801,
200,CuckooSketchPro,300,0.01,5.19348e-05,296/300,25.9202,
200,heavykeeper,300,1.51,0.00791592,295/300,16.8098,
200,LossyCounting,300,0.396667,0.00165746,295/300,1.93607,
200,spacesaving,300,116.517,69.753,154/300,14.6445,
200,CuckooCounter,400,0.03,0.000852472,400/400,19.4194,
200,CuckooSketch,400,0.03,0.000401798,400/400,20.4136,
200,CuckooSketchPro,400,0.0525,0.000711598,400/400,26.176,
200,heavykeeper,400,3.47,0.0538024,393/400,16.7445,
200,LossyCounting,400,28.5875,14.1462,318/400,1.93244,
200,spacesaving,400,146.82,104.147,166/400,14.5618,
200,CuckooCounter,500,0.208,0.0742577,484/500,19.1824,
200,CuckooSketch,500,0.066,0.00257966,488/500,20.2712,
200,CuckooSketchPro,500,0.08,0.00249642,486/500,26.1684,
200,heavykeeper,500,3.934,0.137037,418/500,16.6309,
200,LossyCounting,500,50.47,38.365,318/500,1.94665,
200,spacesaving,500,165.048,129.961,166/500,14.8273,
200,CuckooCounter,600,0.838333,0.250649,541/600,18.8989,
200,CuckooSketch,600,0.188333,0.0299361,559/600,20.5187,
200,CuckooSketchPro,600,0.126667,0.00745691,556/600,25.9787,
200,heavykeeper,600,3.68667,0.158584,440/600,16.5912,
200,LossyCounting,600,65.0583,54.9708,318/600,1.92214,
200,spacesaving,600,177.148,141.13,167/600,14.7903,
200,CuckooCounter,700,1.01857,0.410741,575/700,18.8558,
200,CuckooSketch,700,0.235714,0.0485881,612/700,20.4336,
200,CuckooSketchPro,700,0.15,0.0119015,611/700,25.9531,
200,heavykeeper,700,3.2,0.145408,445/700,16.4493,
200,LossyCounting,700,75.4786,66.8321,318/700,1.96438,
200,spacesaving,700,185.237,148.317,172/700,14.5387,
200,CuckooCounter,800,1.04125,0.494175,603/800,18.5443,
200,CuckooSketch,800,0.3,0.0974223,638/800,20.377,
200,CuckooSketchPro,800,0.155,0.0174972,632/800,26.0967,
200,heavykeeper,800,3.0225,0.214783,449/800,16.1671,
200,LossyCounting,800,83.2938,75.7281,318/800,1.96508,
200,spacesaving,800,191.352,151.266,174/800,14.6477,
200,CuckooCounter,900,1.68222,0.589533,642/900,18.7056,
200,CuckooSketch,900,0.345556,0.121783,650/900,20.5179,
200,CuckooSketchPro,900,0.168889,0.0242567,653/900,26.0301,
200,heavykeeper,900,2.88111,0.183285,480/900,16.1663,
200,LossyCounting,900,89.3711,82.57,318/900,1.98686,
200,spacesaving,900,196.49,156.552,174/900,14.4806,
200,CuckooCounter,1000,1.59,0.779029,639/1000,18.5195,
200,CuckooSketch,1000,0.388,0.145521,676/1000,20.3521,
200,CuckooSketchPro,1000,0.175,0.0272835,682/1000,26.0518,
200,heavykeeper,1000,2.786,0.210069,490/1000,16.0213,
200,LossyCounting,1000,94.234,88.113,318/1000,1.92689,
200,spacesaving,1000,200.571,159.417,175/1000,14.5047,
300,CuckooCounter,100,0.15,0.000609596,96/100,19.5088,
300,CuckooSketch,100,0,0,97/100,19.9442,
300,CuckooSketchPro,100,0,0,97/100,25.0803,
300,heavykeeper,100,0.33,0.00106231,92/100,16.946,
300,LossyCounting,100,0.29,0.000722018,96/100,1.97209,
300,spacesaving,100,1.88,0.00568927,96/100,12.9912,
300,CuckooCounter,200,0.225,0.00135218,174/200,18.3621,
300,CuckooSketch,200,0.01,5.10204e-05,179/200,19.8882,
300,CuckooSketchPro,200,0.01,5.10204e-05,176/200,24.9321,
300,heavykeeper,200,0.51,0.00200083,173/200,16.7221,
300,LossyCounting,200,0.365,0.00149169,178/200,1.91405,
300,spacesaving,200,3.175,0.0293661,171/200,12.9614,
300,CuckooCounter,300,2.34,0.555817,295/300,19.2901,
300,CuckooSketch,300,0.00666667,3.40136e-05,296/300,19.992,
300,CuckooSketchPro,300,0.00666667,3.40136e-05,296/300,25.4738,
300,heavykeeper,300,0.776667,0.00398454,295/300,16.6425,
300,LossyCounting,300,0.246667,0.00101478,295/300,1.96522,
300,spacesaving,300,3.11667,0.025638,292/300,12.9192,
300,CuckooCounter,400,0.0375,0.000909079,400/400,19.0092,
300,CuckooSketch,400,0.0175,0.000190051,400/400,19.9203,
300,CuckooSketchPro,400,0.0275,0.000252566,400/400,25.4369,
300,heavykeeper,400,2.005,0.0350036,397/400,16.559,
300,LossyCounting,400,14.63,6.90745,340/400,1.96581,
300,spacesaving,400,28.6525,10.7526,342/400,12.8838,
300,CuckooCounter,500,1.154,0.14844,484/500,18.7445,
300,CuckooSketch,500,0.038,0.00170009,489/500,19.6028,
300,CuckooSketchPro,500,0.07,0.00273029,488/500,25.7162,
300,heavykeeper,500,2.682,0.114765,432/500,16.4487,
300,LossyCounting,500,30.104,21.534,340/500,1.96606,
300,spacesaving,500,53.882,25.9091,343/500,12.9132,
300,CuckooCounter,600,0.608333,0.166931,556/600,18.6598,
300,CuckooSketch,600,0.0716667,0.0163195,576/600,19.5664,
300,CuckooSketchPro,600,0.095,0.00699155,574/600,25.5984,
300,heavykeeper,600,2.33667,0.143005,454/600,16.5684,
300,LossyCounting,600,40.42,33.2783,340/600,1.91476,
300,spacesaving,600,70.85,44.1456,344/600,12.9192,
300,CuckooCounter,700,1.34143,0.304917,591/700,18.3466,
300,CuckooSketch,700,0.124286,0.0263994,614/700,19.9812,
300,CuckooSketchPro,700,0.107143,0.0102989,622/700,25.5506,
300,heavykeeper,700,2.06857,0.145687,458/700,16.3535,
300,LossyCounting,700,47.7886,41.6671,340/700,1.91183,
300,spacesaving,700,82.9957,58.667,344/700,12.7807,
300,CuckooCounter,800,1.01625,0.39658,612/800,18.3506,
300,CuckooSketch,800,0.15,0.0358525,676/800,19.8464,
300,CuckooSketchPro,800,0.11,0.0125651,668/800,25.4777,
300,heavykeeper,800,2.01125,0.147371,463/800,16.2779,
300,LossyCounting,800,53.3125,47.8812,340/800,1.94408,
300,spacesaving,800,92.1025,69.4271,344/800,12.9688,
300,CuckooCounter,900,1.00667,0.461324,696/900,18.1561,
300,CuckooSketch,900,0.182222,0.0523318,708/900,20.0493,
300,CuckooSketchPro,900,0.11,0.0133846,692/900,25.7632,
300,heavykeeper,900,1.99222,0.16783,494/900,16.276,
300,LossyCounting,900,57.61,52.7316,340/900,1.97488,
300,spacesaving,900,98.83,74.992,348/900,12.955,
300,CuckooCounter,1000,1.229,0.617861,692/1000,18.0672,
300,CuckooSketch,1000,0.209,0.0677653,749/1000,20.0634,
300,CuckooSketchPro,1000,0.116,0.0157545,732/1000,25.4453,
300,heavykeeper,1000,1.912,0.178831,505/1000,16.0051,
300,LossyCounting,1000,61.049,56.6585,340/1000,1.96215,
300,spacesaving,1000,104.487,78.8145,348/1000,12.9624,
400,CuckooCounter,100,0.12,0.000486657,96/100,19.0734,
400,CuckooSketch,100,0.01,2.94118e-05,96/100,19.5339,
400,CuckooSketchPro,100,0.01,2.94118e-05,96/100,25.1433,
400,heavykeeper,100,0.21,0.000566607,92/100,17.01,
400,LossyCounting,100,0.2,0.000496818,96/100,1.90489,
400,spacesaving,100,1.27,0.00386529,96/100,11.9148,
400,CuckooCounter,200,0.17,0.000956157,178/200,19.088,
400,CuckooSketch,200,0.015,6.57263e-05,178/200,19.3934,
400,CuckooSketchPro,200,0.01,4.02161e-05,181/200,24.8404,
400,heavykeeper,200,0.315,0.00134592,174/200,16.8483,
400,LossyCounting,200,0.265,0.0010971,178/200,1.94531,
400,spacesaving,200,0.945,0.00352525,178/200,11.7972,
400,CuckooCounter,300,0.0966667,0.000571204,296/300,18.9591,
400,CuckooSketch,300,0.01,4.38175e-05,296/300,19.5293,
400,CuckooSketchPro,300,0.00666667,2.68107e-05,297/300,24.7592,
400,heavykeeper,300,0.503333,0.00267319,297/300,16.6925,
400,LossyCounting,300,0.18,0.000751728,295/300,1.96297,
400,spacesaving,300,0.633333,0.00237049,295/300,11.8339,
400,CuckooCounter,400,0.0025,8.62069e-05,400/400,14.5909,
400,CuckooSketch,400,0.04,0.000486094,400/400,19.4617,
400,CuckooSketchPro,400,0.0275,0.000317377,400/400,25.0175,
400,heavykeeper,400,1.295,0.0239509,399/400,16.3303,
400,LossyCounting,400,8.2175,3.8007,356/400,1.96692,
400,spacesaving,400,17.5025,6.58311,351/400,11.9171,
400,CuckooCounter,500,0.458,0.121554,484/500,18.5995,
400,CuckooSketch,500,0.048,0.00120554,493/500,19.0074,
400,CuckooSketchPro,500,0.034,0.000988425,487/500,24.4379,
400,heavykeeper,500,1.976,0.09376,430/500,16.3736,
400,LossyCounting,500,20.374,13.9426,356/500,1.98506,
400,spacesaving,500,36.844,16.2435,352/500,11.7294,
400,CuckooCounter,600,0.6,0.15648,558/600,18.443,
400,CuckooSketch,600,0.0666667,0.00451923,594/600,19.2953,
400,CuckooSketchPro,600,0.05,0.00346594,587/600,25.0595,
400,heavykeeper,600,1.95,0.135953,477/600,16.3832,
400,LossyCounting,600,28.4783,23.1188,356/600,1.98436,
400,spacesaving,600,49.8267,26.0597,354/600,11.9703,
400,CuckooCounter,700,0.861429,0.309359,601/700,18.3053,
400,CuckooSketch,700,0.0785714,0.00849267,621/700,19.3446,
400,CuckooSketchPro,700,0.0642857,0.00663407,626/700,25.1705,
400,heavykeeper,700,1.87143,0.129051,488/700,16.214,
400,LossyCounting,700,34.2671,29.6733,356/700,1.82902,
400,spacesaving,700,59.0971,36.5559,354/700,11.7844,
400,CuckooCounter,800,0.96625,0.394118,621/800,17.9817,
400,CuckooSketch,800,0.08625,0.0109311,687/800,19.2556,
400,CuckooSketchPro,800,0.0625,0.00691196,703/800,24.7176,
400,heavykeeper,800,1.65375,0.151899,489/800,16.2261,
400,LossyCounting,800,38.6063,34.5308,356/800,1.9854,
400,spacesaving,800,66.0787,45.9989,354/800,11.9067,
400,CuckooCounter,900,0.921111,0.443842,703/900,18.0946,
400,CuckooSketch,900,0.104444,0.0154573,788/900,19.3979,
400,CuckooSketchPro,900,0.0633333,0.00790322,742/900,24.8065,
400,heavykeeper,900,1.66667,0.146342,520/900,15.9003,
400,LossyCounting,900,41.9833,38.3607,356/900,1.94517,
400,spacesaving,900,71.4811,51.7754,354/900,11.7965,
400,CuckooCounter,1000,1.01,0.453064,760/1000,17.9611,
400,CuckooSketch,1000,0.116,0.0227726,849/1000,19.3697,
400,CuckooSketchPro,1000,0.068,0.00964861,791/1000,25.1547,
400,heavykeeper,1000,1.408,0.143113,506/1000,15.9444,
400,LossyCounting,1000,44.684,41.3896,356/1000,1.97506,
400,spacesaving,1000,75.738,56.1223,355/1000,11.7651,
500,CuckooCounter,100,0.1,0.000406344,96/100,18.924,
500,CuckooSketch,100,0,0,98/100,18.6738,
500,CuckooSketchPro,100,0.02,4.64186e-05,98/100,24.0252,
500,heavykeeper,100,0.18,0.00062185,92/100,16.7034,
500,LossyCounting,100,0.16,0.000403981,96/100,1.96234,
500,spacesaving,100,0.94,0.00290384,96/100,11.2769,
500,CuckooCounter,200,0.125,0.000747442,175/200,18.6738,
500,CuckooSketch,200,0.02,0.000102041,181/200,18.6884,
500,CuckooSketchPro,200,0.015,4.87195e-05,182/200,24.2866,
500,heavykeeper,200,0.225,0.000937062,179/200,16.7833,
500,LossyCounting,200,0.21,0.000870742,178/200,1.94914,
500,spacesaving,200,0.68,0.00253158,178/200,11.2778,
500,CuckooCounter,300,0.0666667,0.000385104,296/300,18.4138,
500,CuckooSketch,300,0.0133333,6.80272e-05,296/300,18.7143,
500,CuckooSketchPro,300,0.01,3.24797e-05,296/300,24.0327,
500,heavykeeper,300,0.393333,0.00199317,295/300,16.6262,
500,LossyCounting,300,0.14,0.000580495,296/300,1.98134,
500,spacesaving,300,0.456667,0.00170804,295/300,11.276,
500,CuckooCounter,400,0.0125,0.000249917,400/400,18.3338,
500,CuckooSketch,400,0.0375,0.000347847,400/400,18.8062,
500,CuckooSketchPro,400,0.0325,0.000373712,400/400,23.9653,
500,heavykeeper,400,0.9,0.0157855,399/400,16.1899,
500,LossyCounting,400,5.7125,2.5695,362/400,1.95646,
500,spacesaving,400,12.4175,4.61712,356/400,11.1531,
500,CuckooCounter,500,1.152,0.0557982,486/500,18.2027,
500,CuckooSketch,500,0.036,0.000744944,489/500,18.4132,
500,CuckooSketchPro,500,0.03,0.000565636,490/500,24.429,
500,heavykeeper,500,1.656,0.108312,450/500,16.3725,
500,LossyCounting,500,15.56,7.4606,362/500,2.00216,
500,spacesaving,500,28.096,12.3287,356/500,11.3285,
500,CuckooCounter,600,0.453333,0.0808347,571/600,18.1821,
500,CuckooSketch,600,0.06,0.00488804,588/600,18.5367,
500,CuckooSketchPro,600,0.0566667,0.00409973,592/600,24.4272,
500,heavykeeper,600,1.75833,0.122752,500/600,16.1553,
500,LossyCounting,600,22.1267,13.6705,362/600,1.92058,
500,spacesaving,600,37.8817,17.6288,364/600,11.2723,
500,CuckooCounter,700,0.755714,0.211785,612/700,18.019,
500,CuckooSketch,700,0.08,0.0108326,625/700,18.9208,
500,CuckooSketchPro,700,0.06,0.0056365,623/700,24.3653,
500,heavykeeper,700,1.69143,0.148047,507/700,16.2332,
500,LossyCounting,700,26.8229,19.5747,362/700,1.93577,
500,spacesaving,700,45.4271,26.358,364/700,11.3487,
500,CuckooCounter,800,0.75625,0.281889,624/800,17.8792,
500,CuckooSketch,800,0.0925,0.0152702,679/800,18.7508,
500,CuckooSketchPro,800,0.075,0.00884266,696/800,24.4302,
500,heavykeeper,800,1.565,0.149492,512/800,15.9885,
500,LossyCounting,800,30.345,24.0029,362/800,1.95951,
500,spacesaving,800,51.1025,33.5374,364/800,11.3227,
500,CuckooCounter,900,0.806667,0.332198,715/900,17.7296,
500,CuckooSketch,900,0.0911111,0.0154624,812/900,18.7245,
500,CuckooSketchPro,900,0.0744444,0.00948977,799/900,24.009,
500,heavykeeper,900,1.38778,0.131239,536/900,15.7632,
500,LossyCounting,900,33.0844,27.447,362/900,1.95621,
500,spacesaving,900,55.5289,39.6496,364/900,11.1682,
500,CuckooCounter,1000,0.968,0.460713,762/1000,17.4025,
500,CuckooSketch,1000,0.107,0.0219328,890/1000,18.7234,
500,CuckooSketchPro,1000,0.073,0.0102075,854/1000,24.101,
500,heavykeeper,1000,1.32,0.131163,551/1000,15.7418,
500,LossyCounting,1000,35.276,30.2023,362/1000,1.90573,
500,spacesaving,1000,58.975,42.6014,365/1000,11.2807,
600,CuckooCounter,100,0.09,0.000365033,96/100,18.3628,
600,CuckooSketch,100,0,0,96/100,17.619,
600,CuckooSketchPro,100,0,0,96/100,23.4187,
600,heavykeeper,100,0.15,0.000467667,94/100,16.4935,
600,LossyCounting,100,0.13,0.000318037,96/100,1.96585,
600,spacesaving,100,0.75,0.00235811,96/100,10.7434,
600,CuckooCounter,200,0.11,0.000666484,182/200,18.3284,
600,CuckooSketch,200,0.005,2.55102e-05,180/200,17.9462,
600,CuckooSketchPro,200,0.005,2.55102e-05,181/200,23.8464,
600,heavykeeper,200,0.225,0.00100211,185/200,16.2869,
600,LossyCounting,200,0.17,0.000698847,178/200,1.98226,
600,spacesaving,200,0.55,0.00207877,178/200,10.6623,
600,CuckooCounter,300,1.96,0.554141,295/300,18.1189,
600,CuckooSketch,300,0.00333333,1.70068e-05,297/300,18.0005,
600,CuckooSketchPro,300,0.00333333,1.70068e-05,297/300,23.5566,
600,heavykeeper,300,0.253333,0.00127854,296/300,16.3784,
600,LossyCounting,300,0.113333,0.000465898,296/300,1.98991,
600,spacesaving,300,0.37,0.00140617,295/300,10.7643,
600,CuckooCounter,400,0.0125,0.000276729,400/400,17.9669,
600,CuckooSketch,400,0.0075,6.37755e-05,400/400,17.68,
600,CuckooSketchPro,400,0.02,0.000190937,400/400,23.3689,
600,heavykeeper,400,0.755,0.0137324,400/400,16.2174,
600,LossyCounting,400,4.3325,1.91917,366/400,1.91574,
600,spacesaving,400,8.8275,3.38097,363/400,10.7051,
600,CuckooCounter,500,0.366,0.0290089,488/500,17.5337,
600,CuckooSketch,500,0.01,0.000384354,488/500,17.8798,
600,CuckooSketchPro,500,0.026,0.000659416,493/500,23.5222,
600,heavykeeper,500,1.468,0.0866841,452/500,16.2101,
600,LossyCounting,500,12.628,7.51534,366/500,1.94437,
600,spacesaving,500,22.208,16.0824,363/500,10.5484,
600,CuckooCounter,600,1.34,0.119539,562/600,17.6888,
600,CuckooSketch,600,0.0416667,0.00476724,590/600,17.7775,
600,CuckooSketchPro,600,0.0433333,0.00339211,595/600,23.3639,
600,heavykeeper,600,1.46833,0.112778,516/600,15.8263,
600,LossyCounting,600,18.185,13.8707,367/600,1.82014,
600,spacesaving,600,31.1367,24.7854,365/600,10.4732,
600,CuckooCounter,700,0.618571,0.183354,617/700,17.6354,
600,CuckooSketch,700,0.0514286,0.00718144,630/700,18.0408,
600,CuckooSketchPro,700,0.0471429,0.00464561,628/700,23.5538,
600,heavykeeper,700,1.60571,0.174298,533/700,15.7766,
600,LossyCounting,700,22.1586,18.4606,367/700,1.92571,
600,spacesaving,700,37.5386,31.8634,365/700,10.7732,
600,CuckooCounter,800,0.82125,0.325918,629/800,16.9598,
600,CuckooSketch,800,0.0575,0.00921234,691/800,17.7996,
600,CuckooSketchPro,800,0.0425,0.00431491,695/800,23.6546,
600,heavykeeper,800,1.50375,0.152356,548/800,15.9132,
600,LossyCounting,800,25.1388,21.903,367/800,1.97909,
600,spacesaving,800,42.2238,35.1687,366/800,10.7479,
600,CuckooCounter,900,0.807778,0.356907,728/900,17.215,
600,CuckooSketch,900,0.0622222,0.0109665,820/900,17.9791,
600,CuckooSketchPro,900,0.0455556,0.00522701,824/900,23.4786,
600,heavykeeper,900,1.40778,0.179038,583/900,15.5865,
600,LossyCounting,900,27.4567,24.5805,367/900,1.94094,
600,spacesaving,900,45.9144,37.7477,366/900,10.6866,
600,CuckooCounter,1000,0.827,0.358465,788/1000,17.1168,
600,CuckooSketch,1000,0.063,0.0145199,910/1000,17.6972,
600,CuckooSketchPro,1000,0.042,0.00495431,885/1000,23.6328,
600,heavykeeper,1000,1.197,0.127869,573/1000,15.6693,
600,LossyCounting,1000,29.308,26.6519,367/1000,1.95986,
600,spacesaving,1000,48.877,40.1125,366/1000,10.5939,
700,CuckooCounter,100,0.04,0.000162275,97/100,17.924,
700,CuckooSketch,100,0,0,96/100,17.1928,
700,CuckooSketchPro,100,0,0,97/100,22.3414,
700,heavykeeper,100,0.12,0.000422415,94/100,16.5142,
700,LossyCounting,100,0.11,0.000271619,96/100,1.9566,
700,spacesaving,100,0.6,0.00193549,96/100,10.2022,
700,CuckooCounter,200,0.9,0.825454,177/200,17.1866,
700,CuckooSketch,200,0,0,176/200,16.468,
700,CuckooSketchPro,200,0.005,2.55102e-05,184/200,22.6783,
700,heavykeeper,200,0.15,0.000675748,184/200,16.4082,
700,LossyCounting,200,0.145,0.000597736,178/200,1.96955,
700,spacesaving,200,0.45,0.00173853,178/200,10.3477,
700,CuckooCounter,300,0.05,0.000299592,296/300,17.6885,
700,CuckooSketch,300,0,0,297/300,17.0454,
700,CuckooSketchPro,300,0.00333333,1.70068e-05,297/300,22.6372,
700,heavykeeper,300,0.203333,0.000979547,295/300,16.1687,
700,LossyCounting,300,0.0966667,0.000398491,296/300,1.96212,
700,spacesaving,300,0.303333,0.00117935,295/300,10.3612,
700,CuckooCounter,400,0.4,0.0322027,399/400,17.3139,
700,CuckooSketch,400,0.0025,2.94118e-05,400/400,17.0451,
700,CuckooSketchPro,400,0.015,0.000144208,400/400,22.7469,
700,heavykeeper,400,0.635,0.0115968,400/400,16.0398,
700,LossyCounting,400,2.9725,1.23488,373/400,1.96566,
700,spacesaving,400,6.3125,2.11997,371/400,10.3926,
700,CuckooCounter,500,0.32,0.00363562,486/500,17.4067,
700,CuckooSketch,500,0.008,0.000448529,490/500,16.7101,
700,CuckooSketchPro,500,0.018,0.000408699,491/500,22.6963,
700,heavykeeper,500,1.268,0.0758205,461/500,16.019,
700,LossyCounting,500,10.166,4.8059,373/500,1.9324,
700,spacesaving,500,17.622,7.46258,375/500,10.394,
700,CuckooCounter,600,0.385,0.0466775,577/600,16.9667,
700,CuckooSketch,600,0.0266667,0.00307748,593/600,16.521,
700,CuckooSketchPro,600,0.0316667,0.0019841,595/600,22.0264,
700,heavykeeper,600,1.27167,0.0798496,517/600,15.8451,
700,LossyCounting,600,14.9617,7.18658,374/600,1.92318,
700,spacesaving,600,25.32,11.268,378/600,10.3428,
700,CuckooCounter,700,0.628571,0.162539,619/700,17.073,
700,CuckooSketch,700,0.0371429,0.00546097,627/700,17.101,
700,CuckooSketchPro,700,0.0357143,0.00315304,627/700,22.6388,
700,heavykeeper,700,1.29143,0.161241,529/700,15.6335,
700,LossyCounting,700,18.2686,10.1002,376/700,1.97375,
700,spacesaving,700,30.7386,14.3033,381/700,10.2433,
700,CuckooCounter,800,0.73875,0.27183,627/800,16.8384,
700,CuckooSketch,800,0.03625,0.00552835,698/800,16.9276,
700,CuckooSketchPro,800,0.04125,0.00435415,700/800,22.9484,
700,heavykeeper,800,1.38375,0.159675,566/800,15.5865,
700,LossyCounting,800,20.8588,13.6877,376/800,1.96882,
700,spacesaving,800,34.8588,19.4592,381/800,10.2512,
700,CuckooCounter,900,0.754444,0.302378,739/900,16.8654,
700,CuckooSketch,900,0.05,0.00907282,826/900,16.8774,
700,CuckooSketchPro,900,0.0422222,0.00498146,835/900,22.3739,
700,heavykeeper,900,1.29,0.141012,600/900,15.7252,
700,LossyCounting,900,22.8733,16.478,376/900,1.93556,
700,spacesaving,900,38.08,23.8905,381/900,10.3663,
700,CuckooCounter,1000,0.758,0.358408,811/1000,16.6892,
700,CuckooSketch,1000,0.054,0.0106155,933/1000,16.7873,
700,CuckooSketchPro,1000,0.041,0.00504998,911/1000,22.9316,
700,heavykeeper,1000,1.203,0.168173,635/1000,15.3782,
700,LossyCounting,1000,24.486,18.7302,376/1000,1.99165,
700,spacesaving,1000,40.662,27.5982,381/1000,10.3244,
800,CuckooCounter,100,0.11,0.00044305,97/100,17.3094,
800,CuckooSketch,100,0,0,97/100,15.5528,
800,CuckooSketchPro,100,0,0,98/100,21.4818,
800,heavykeeper,100,0.14,0.000546724,97/100,16.1862,
800,LossyCounting,100,0.09,0.0002252,96/100,1.94258,
800,spacesaving,100,0.5,0.00164286,96/100,9.93581,
800,CuckooCounter,200,0.075,0.000452398,178/200,17.3877,
800,CuckooSketch,200,0,0,179/200,16.266,
800,CuckooSketchPro,200,0.005,2.55102e-05,183/200,21.5792,
800,heavykeeper,200,0.15,0.000631477,186/200,16.0689,
800,LossyCounting,200,0.125,0.000523506,178/200,2.00842,
800,spacesaving,200,0.38,0.00149018,178/200,9.98263,
800,CuckooCounter,300,0.0466667,0.000264014,296/300,17.2574,
800,CuckooSketch,300,0,0,296/300,16.2124,
800,CuckooSketchPro,300,0.00333333,1.70068e-05,299/300,21.7217,
800,heavykeeper,300,0.17,0.000865086,296/300,15.951,
800,LossyCounting,300,0.0833333,0.000349004,296/300,1.93494,
800,spacesaving,300,0.253333,0.000993454,296/300,10.0064,
800,CuckooCounter,400,0.0025,8.92857e-05,400/400,17.0745,
800,CuckooSketch,400,0.0025,8.92857e-05,400/400,16.4177,
800,CuckooSketchPro,400,0.0075,0.000127551,400/400,22.0731,
800,heavykeeper,400,0.48,0.00791146,400/400,16.0023,
800,LossyCounting,400,2.0775,0.821234,379/400,1.91568,
800,spacesaving,400,5.295,1.85122,371/400,9.94728,
800,CuckooCounter,500,0.304,0.0258357,484/500,16.584,
800,CuckooSketch,500,0.006,0.000358608,493/500,16.2285,
800,CuckooSketchPro,500,0.008,0.000255887,486/500,21.8293,
800,heavykeeper,500,1.16,0.0671485,476/500,15.9117,
800,LossyCounting,500,8.428,3.88899,379/500,1.85416,
800,spacesaving,500,15.208,6.52435,375/500,10.0156,
800,CuckooCounter,600,0.456667,0.0592536,575/600,16.9624,
800,CuckooSketch,600,0.0183333,0.00223276,592/600,16.3433,
800,CuckooSketchPro,600,0.0166667,0.00141694,597/600,20.5778,
800,heavykeeper,600,1.32667,0.134407,547/600,15.6629,
800,LossyCounting,600,12.6683,5.96416,380/600,1.96994,
800,spacesaving,600,21.975,9.8539,378/600,10.0045,
800,CuckooCounter,700,0.644286,0.171637,618/700,16.5063,
800,CuckooSketch,700,0.0328571,0.00694951,634/700,15.2735,
800,CuckooSketchPro,700,0.0171429,0.00178595,632/700,22.0371,
800,heavykeeper,700,1.14857,0.102117,550/700,15.671,
800,LossyCounting,700,15.6486,7.41356,381/700,1.94168,
800,spacesaving,700,26.6014,13.9005,384/700,10.0384,
800,CuckooCounter,800,0.73,0.285724,632/800,16.6578,
800,CuckooSketch,800,0.03625,0.00783082,703/800,15.8255,
800,CuckooSketchPro,800,0.02,0.00249128,708/800,21.5978,
800,heavykeeper,800,1.24875,0.143508,582/800,15.5407,
800,LossyCounting,800,17.92,10.2981,382/800,1.96554,
800,spacesaving,800,30.2425,18.2486,384/800,9.9954,
800,CuckooCounter,900,0.83,0.310083,741/900,16.4712,
800,CuckooSketch,900,0.0422222,0.00860094,831/900,16.3516,
800,CuckooSketchPro,900,0.0188889,0.00243669,836/900,21.5615,
800,heavykeeper,900,1.17667,0.1322,629/900,14.8666,
800,LossyCounting,900,19.7056,12.9122,382/900,1.97392,
800,spacesaving,900,33.1,22.3165,384/900,9.94046,
800,CuckooCounter,1000,0.811,0.388618,803/1000,16.2898,
800,CuckooSketch,1000,0.052,0.0147408,939/1000,16.0583,
800,CuckooSketchPro,1000,0.021,0.00304302,924/1000,21.3643,
800,heavykeeper,1000,1.167,0.138789,660/1000,15.4708,
800,LossyCounting,1000,21.134,15.0035,382/1000,1.98795,
800,spacesaving,1000,35.355,24.7063,385/1000,10.0291,
900,CuckooCounter,100,0.08,0.000324221,97/100,17.1833,
900,CuckooSketch,100,0,0,98/100,15.0155,
900,CuckooSketchPro,100,0,0,96/100,20.3994,
900,heavykeeper,100,0.08,0.000304984,96/100,16.1825,
900,LossyCounting,100,0.09,0.0002252,96/100,1.90184,
900,spacesaving,100,0.41,0.00138976,96/100,9.7281,
900,CuckooCounter,200,0.09,0.000545455,179/200,17.1485,
900,CuckooSketch,200,0,0,180/200,15.16,
900,CuckooSketchPro,200,0,0,179/200,20.3513,
900,heavykeeper,200,0.1,0.000432164,189/200,16.1129,
900,LossyCounting,200,0.115,0.000472486,178/200,1.96404,
900,spacesaving,200,0.32,0.00128573,178/200,9.67698,
900,CuckooCounter,300,0.0433333,0.000262505,296/300,16.9647,
900,CuckooSketch,300,0,0,296/300,14.9716,
900,CuckooSketchPro,300,0,0,297/300,20.6859,
900,heavykeeper,300,0.12,0.000553304,296/300,16.0372,
900,LossyCounting,300,0.0766667,0.000314991,296/300,1.9345,
900,spacesaving,300,0.213333,0.000857152,296/300,9.76915,
900,CuckooCounter,400,0.315,0.00190909,400/400,16.6772,
900,CuckooSketch,400,0,0,400/400,15.0489,
900,CuckooSketchPro,400,0.005,5.4922e-05,400/400,20.4186,
900,heavykeeper,400,0.4275,0.00786044,400/400,15.5921,
900,LossyCounting,400,1.4475,0.386424,384/400,1.97112,
900,spacesaving,400,4.36,1.52518,373/400,9.66137,
900,CuckooCounter,500,0.294,0.0576133,484/500,16.4514,
900,CuckooSketch,500,0,0,490/500,14.8608,
900,CuckooSketchPro,500,0.004,4.39376e-05,489/500,21.0314,
900,heavykeeper,500,0.966,0.0506235,472/500,15.4868,
900,LossyCounting,500,7.138,3.22914,384/500,1.96184,
900,spacesaving,500,13.286,5.67777,376/500,9.7502,
900,CuckooCounter,600,0.456667,0.0649456,575/600,16.6767,
900,CuckooSketch,600,0.01,0.00113889,595/600,14.8606,
900,CuckooSketchPro,600,0.00833333,0.000539982,596/600,20.6441,
900,heavykeeper,600,1.19833,0.0987998,555/600,15.8138,
900,LossyCounting,600,10.93,5.11539,385/600,1.87661,
900,spacesaving,600,18.8967,11.4645,389/600,9.5469,
900,CuckooCounter,700,0.625714,0.212843,617/700,15.4297,
900,CuckooSketch,700,0.0185714,0.00288095,643/700,8.93128,
900,CuckooSketchPro,700,0.01,0.000927127,635/700,17.846,
900,heavykeeper,700,1.11429,0.0986355,565/700,14.9005,
900,LossyCounting,700,13.6286,6.41319,386/700,1.53821,
900,spacesaving,700,23.3043,16.1074,389/700,9.7127,
900,CuckooCounter,800,0.5625,0.204934,645/800,15.8841,
900,CuckooSketch,800,0.02875,0.00564583,714/800,14.683,
900,CuckooSketchPro,800,0.01,0.00106124,708/800,19.8102,
900,heavykeeper,800,1.0725,0.129907,576/800,15.2971,
900,LossyCounting,800,15.6512,7.37988,386/800,1.86378,
900,spacesaving,800,26.6363,20.2165,389/800,8.61906,
900,CuckooCounter,900,1.26,0.276287,738/900,15.8894,
900,CuckooSketch,900,0.0344444,0.00684392,827/900,14.6411,
900,CuckooSketchPro,900,0.01,0.00110205,841/900,19.2511,
900,heavykeeper,900,1.1,0.14327,655/900,15.2697,
900,LossyCounting,900,17.2244,8.11693,386/900,1.71096,
900,spacesaving,900,29.1833,22.3594,389/900,9.40336,
900,CuckooCounter,1000,0.862,0.484157,840/1000,15.7719,
900,CuckooSketch,1000,0.035,0.00695952,950/1000,14.3986,
900,CuckooSketchPro,1000,0.014,0.00199185,938/1000,13.7542,
900,heavykeeper,1000,1.07,0.146663,671/1000,11.8413,
900,LossyCounting,1000,18.475,10.255,387/1000,1.84327,
900,spacesaving,1000,31.211,24.0626,389/1000,9.10622,
1000,CuckooCounter,100,0.07,0.000283405,97/100,16.9924,
1000,CuckooSketch,100,0,0,98/100,14.2189,
1000,CuckooSketchPro,100,0,0,97/100,19.8059,
1000,heavykeeper,100,0.09,0.000330886,93/100,15.8697,
1000,LossyCounting,100,0.07,0.000178781,96/100,1.88191,
1000,spacesaving,100,0.37,0.00126665,96/100,9.40884,
1000,CuckooCounter,200,0.065,0.000384354,179/200,16.7017,
1000,CuckooSketch,200,0.005,2.55102e-05,180/200,14.2639,
1000,CuckooSketchPro,200,0,0,177/200,12.5249,
1000,heavykeeper,200,0.11,0.00048002,188/200,15.7769,
1000,LossyCounting,200,0.095,0.000398256,178/200,1.67838,
1000,spacesaving,200,0.29,0.00117316,178/200,9.32262,
1000,CuckooCounter,300,0.0366667,0.000222222,296/300,16.5752,
1000,CuckooSketch,300,0.00333333,1.70068e-05,297/300,10.6645,
1000,CuckooSketchPro,300,0,0,296/300,11.3255,
1000,heavykeeper,300,0.103333,0.000510898,295/300,12.7123,
1000,LossyCounting,300,0.0633333,0.000265504,296/300,1.86905,
1000,spacesaving,300,0.193333,0.000782104,296/300,9.42569,
1000,CuckooCounter,400,0.3175,0.00204477,400/400,16.0447,
1000,CuckooSketch,400,0.005,6.48384e-05,400/400,14.1679,
1000,CuckooSketchPro,400,0,0,400/400,19.5412,
1000,heavykeeper,400,0.375,0.00667471,400/400,15.5463,
1000,LossyCounting,400,1.0425,0.254699,388/400,1.82497,
1000,spacesaving,400,3.11,0.845017,382/400,8.91814,
1000,CuckooCounter,500,0.274,0.00257506,485/500,15.9931,
1000,CuckooSketch,500,0.004,5.18707e-05,485/500,12.8314,
1000,CuckooSketchPro,500,0,0,491/500,16.8163,
1000,heavykeeper,500,0.92,0.06336,478/500,14.658,
1000,LossyCounting,500,6.104,2.74408,390/500,1.19972,
1000,spacesaving,500,11.158,6.61562,387/500,7.49294,
1000,CuckooCounter,600,0.353333,0.0697498,581/600,16.1223,
1000,CuckooSketch,600,0.0216667,0.00232421,591/600,12.5636,
1000,CuckooSketchPro,600,0.00833333,0.00113889,595/600,19.6757,
1000,heavykeeper,600,1.14,0.12284,549/600,15.3991,
1000,LossyCounting,600,9.48167,4.43534,393/600,1.92682,
1000,spacesaving,600,16.75,11.978,392/600,9.41903,
1000,CuckooCounter,700,0.462857,0.19779,619/700,16.0948,
1000,CuckooSketch,700,0.0371429,0.00642075,635/700,13.2554,
1000,CuckooSketchPro,700,0.00857143,0.00115476,631/700,20.2597,
1000,heavykeeper,700,1.00714,0.0868255,568/700,15.2304,
1000,LossyCounting,700,11.9586,5.62672,394/700,1.94401,
1000,spacesaving,700,20.78,16.564,392/700,9.43583,
1000,CuckooCounter,800,0.58125,0.152208,643/800,14.6836,
1000,CuckooSketch,800,0.03625,0.00636816,715/800,14.0082,
1000,CuckooSketchPro,800,0.01125,0.00176042,699/800,19.6522,
1000,heavykeeper,800,1.02625,0.110308,598/800,15.2872,
1000,LossyCounting,800,13.8125,6.50515,394/800,1.99115,
1000,spacesaving,800,23.765,19.1602,392/800,9.39091,
1000,CuckooCounter,900,0.634444,0.25612,753/900,15.6367,
1000,CuckooSketch,900,0.0344444,0.00610503,831/900,14.5573,
1000,CuckooSketchPro,900,0.0111111,0.00178704,839/900,19.9422,
1000,heavykeeper,900,1.00222,0.157501,650/900,15.0008,
1000,LossyCounting,900,15.2656,7.22597,394/900,1.95009,
1000,spacesaving,900,26.0778,21.2961,392/900,9.40902,
1000,CuckooCounter,1000,0.673,0.302456,843/1000,15.8413,
1000,CuckooSketch,1000,0.033,0.00594453,967/1000,14.2262,
1000,CuckooSketchPro,1000,0.01,0.00160833,948/1000,18.3554,
1000,heavykeeper,1000,0.925,0.126728,705/1000,14.821,
1000,LossyCounting,1000,16.428,9.00171,394/1000,1.95224,
1000,spacesaving,1000,27.915,22.4628,393/1000,9.36137,
